type,bin,hop,effect_pct,ci_low_pct,ci_high_pct,n_events,n_obs
Arts & Theatre,during,0,110.60451314110603,83.146000487193,142.17979555881098,240,479
Arts & Theatre,post1,0,298.1191898031724,226.76906838857337,385.0486310444091,240,239
Arts & Theatre,post2,0,247.5067260483863,185.18676007281894,323.44505971467055,240,239
Arts & Theatre,pre1,0,147.78453184647194,103.39154361036135,201.86689737698384,240,240
Arts & Theatre,pre2,0,148.78670034615976,104.26609190316594,203.01075275122838,240,240
Arts & Theatre,pre3,0,129.9973580791958,89.00004130888286,179.88768868551358,240,240
Arts & Theatre,during,1,86.00470499068471,69.65080974996589,103.93507304599594,240,1075
Arts & Theatre,post1,1,258.4885917103785,214.6233179260171,308.469630393734,240,537
Arts & Theatre,post2,1,222.79978844364283,183.29002221754592,267.8198850902093,240,537
Arts & Theatre,pre1,1,124.8426428329203,97.29050059737929,156.24251488550237,240,538
Arts & Theatre,pre2,1,115.24573911862599,88.88730558102658,145.28238182130883,240,538
Arts & Theatre,pre3,1,119.19456911559925,92.40372633492746,149.7158451398001,240,538
Arts & Theatre,during,2,60.4670280745911,46.92675071332819,75.25513205782595,240,1207
Arts & Theatre,post1,2,155.76006874006504,125.9629766011162,189.48641828786958,240,603
Arts & Theatre,post2,2,127.82567096557086,101.27344120002269,157.88070220020018,240,603
Arts & Theatre,pre1,2,116.2480235878972,91.00613189474136,144.82568827393325,240,604
Arts & Theatre,pre2,2,112.25264589884331,87.50030866685576,140.2725948099915,240,604
Arts & Theatre,pre3,2,101.31327383820957,77.84695070338086,127.87590151630037,240,604
Miscellaneous,during,0,89.95157434556292,-31.608305391591873,427.57284057590834,5,9
Miscellaneous,post1,0,65.97827321408111,-64.0769884369903,666.8841219174241,5,4
Miscellaneous,post2,0,-5.916346801454797,-79.62967889821002,334.54071022995845,5,4
Miscellaneous,pre1,0,310.78796382714637,4.982803134243885,1507.3751718124026,5,5
Miscellaneous,pre2,0,178.95492031993086,-28.761077998869457,992.3220815927568,5,5
Miscellaneous,pre3,0,155.82268029204732,-34.64166077482598,901.3296624067149,5,5
Miscellaneous,during,1,5.276512243862008,-40.78876696271416,87.17975393710975,5,28
Miscellaneous,post1,1,10.206928788525005,-54.17932040163704,165.06737262432375,5,12
Miscellaneous,post2,1,-19.447260690210978,-66.52704003436575,93.85031431258662,5,12
Miscellaneous,pre1,1,23.575468318027415,-42.21678597959425,164.2791099267511,5,16
Miscellaneous,pre2,1,52.84471763173173,-28.424303031164598,226.38882605775504,5,16
Miscellaneous,pre3,1,45.153188577041384,-32.01960352325068,209.9341758221183,5,16
Miscellaneous,during,2,-23.23874655029863,-53.83924682286994,27.647181330840475,5,36
Miscellaneous,post1,2,-14.58330961901918,-61.07970758335399,87.4603334819724,5,15
Miscellaneous,post2,2,-42.53989163798709,-73.81138010801928,26.072472188016114,5,15
Miscellaneous,pre1,2,-8.172454087020375,-52.78713764851561,78.60171505012062,5,21
Miscellaneous,pre2,2,9.866342695613328,-43.362411496515804,113.12018354325586,5,21
Miscellaneous,pre3,2,17.65680519480435,-39.338767131120846,128.20379926287373,5,21
Music,during,0,11.220215517674248,-5.864418982021446,31.40553450703647,87,257
Music,post1,0,454.08076314789855,314.93351176497566,639.8908099388465,87,85
Music,post2,0,372.4642187892159,252.41257940075684,533.4122306748302,87,82
Music,pre1,0,27.872309653955686,-3.9769368868197708,70.28541942016773,87,87
Music,pre2,0,7.81136714724695,-19.039378720824708,43.56721456074377,87,87
Music,pre3,0,-8.383073230369764,-31.177892985356326,21.961701476617424,87,87
Music,during,1,4.357241629576802,-6.303249532738597,16.230646486924915,87,623
Music,post1,1,250.8531935843269,190.69647749533056,323.45873781803397,87,206
Music,post2,1,164.45145269467295,118.38750797668989,220.23155298693862,87,197
Music,pre1,1,17.277537126110044,-2.6556775301621482,41.29247978101447,87,211
Music,pre2,1,2.3460735598898497,-15.04757330484493,23.300995399626025,87,211
Music,pre3,1,-7.911114213220638,-23.5514812302565,10.92906732428176,87,211
Music,during,2,8.59320467530087,-2.217925075855942,20.59965091556899,87,693
Music,post1,2,61.824800865141725,34.64971389319871,94.48438038133492,87,228
Music,post2,2,31.647532521582498,8.928231482853155,59.105427335881004,87,212
Music,pre1,2,13.991174077434065,-4.869941480207752,36.59181934433917,87,237
Music,pre2,2,4.358903531905645,-12.904719193202862,25.04444150700349,87,237
Music,pre3,2,8.149626363154772,-9.739703379528065,29.584569521978878,87,237
closure,during,0,-74.45003877904333,-87.46666388652761,-47.914863809430706,26,112
closure,post1,0,7.702250190519888,-34.6157853998324,77.40940633814093,26,37
closure,post2,0,0.43095337312408777,-39.884032873965594,67.78198667732185,26,35
closure,pre1,0,-23.969045210367344,-52.67576819084818,22.15108127978653,26,41
closure,pre2,0,0.040719931569865864,-38.09815765683802,61.67767009171021,26,40
closure,pre3,0,1.380399815702571,-38.04799003902362,65.9023730346411,26,38
closure,during,1,-1.4372522354424544,-19.379862340338406,20.498618941958412,26,227
closure,post1,1,-0.12063601366444354,-28.80125713577154,40.11325128785344,26,80
closure,post2,1,1.796194745010693,-28.5790762205803,45.09004807286097,26,73
closure,pre1,1,-5.775664608756426,-31.89209837879683,30.355291656168305,26,87
closure,pre2,1,3.881854787878769,-25.195908046193495,44.26269301997448,26,85
closure,pre3,1,-6.172473088063146,-32.97496302278896,31.34800372290012,26,81
closure,during,2,2.103975142457881,-15.529726549210586,23.418823143329483,26,255
closure,post1,2,-3.2251169140993796,-29.665827188055637,33.155443817194886,26,90
closure,post2,2,1.9836151504950772,-27.157349902285066,42.7825284392084,26,81
closure,pre1,2,0.16138535776895058,-26.463151523128204,36.42552440825324,26,96
closure,pre2,2,0.584087324534277,-26.393886030454393,37.44997633070932,26,94
closure,pre3,2,-14.660318491521561,-37.97671755794552,17.421409400132614,26,90
